"",artifact_id,release_id,version,timestamp,popularity,all_dependency,compile_dependency,provided_dependency,dependency,num_use_import,num_unused_import,num_import_but_unused,num_use_import_in_file,num_unused_import_in_file,avg_use_import_in_each_file,avg_unused_import_in_each_file,num_files
61,com.google.cloud:google-cloud-bigquerystorage,com.google.cloud:google-cloud-bigquerystorage:3.9.0,3.9.0,1724771424000,1,56,48,0,"[""io.grpc:grpc-googleapis:1.66.0:runtime"",""commons-codec:commons-codec:1.17.1:compile"",""com.google.api.grpc:grpc-google-cloud-bigquerystorage-v1:3.9.0:compile"",""io.grpc:grpc-api:1.66.0:compile"",""org.apache.httpcomponents:httpcore:4.4.16:compile"",""com.google.errorprone:error_prone_annotations:2.30.0:compile"",""com.google.api.grpc:grpc-google-cloud-bigquerystorage-v1beta2:0.181.0:compile"",""io.grpc:grpc-util:1.66.0:compile"",""com.google.android:annotations:4.1.1.4:runtime"",""com.google.api.grpc:proto-google-cloud-bigquerystorage-v1beta1:0.181.0:compile"",""org.codehaus.mojo:animal-sniffer-annotations:1.24:runtime"",""com.google.j2objc:j2objc-annotations:3.0.0:compile"",""com.google.http-client:google-http-client:1.44.2:compile"",""com.google.auto.value:auto-value-annotations:1.11.0:compile"",""com.google.api.grpc:proto-google-common-protos:2.43.0:compile"",""com.google.api:api-common:2.35.0:compile"",""io.perfmark:perfmark-api:0.27.0:runtime"",""com.google.api.grpc:proto-google-cloud-bigquerystorage-v1alpha:3.9.0:compile"",""io.grpc:grpc-context:1.66.0:compile"",""io.grpc:grpc-core:1.66.0:compile"",""com.google.code.gson:gson:2.11.0:compile"",""io.grpc:grpc-protobuf-lite:1.66.0:runtime"",""io.grpc:grpc-protobuf:1.66.0:compile"",""com.google.api:gax:2.52.0:compile"",""com.google.api.grpc:proto-google-cloud-bigquerystorage-v1:3.9.0:compile"",""com.google.auth:google-auth-library-oauth2-http:1.24.1:compile"",""com.google.api:gax-grpc:2.52.0:compile"",""javax.annotation:javax.annotation-api:1.3.2:compile"",""io.grpc:grpc-alts:1.66.0:compile"",""com.google.protobuf:protobuf-java:3.25.4:compile"",""com.google.guava:listenablefuture:9999.0-empty-to-avoid-conflict-with-guava:compile"",""org.conscrypt:conscrypt-openjdk-uber:2.5.2:compile"",""org.checkerframework:checker-qual:3.46.0:compile"",""io.grpc:grpc-auth:1.66.0:compile"",""org.threeten:threetenbp:1.6.9:compile"",""org.json:json:20240303:compile"",""com.google.auth:google-auth-library-credentials:1.24.1:compile"",""com.google.auto.value:auto-value:1.11.0:compile"",""io.opentelemetry:opentelemetry-context:1.41.0:compile"",""com.google.api.grpc:proto-google-cloud-bigquerystorage-v1beta2:0.181.0:compile"",""com.google.cloud:google-cloud-core:2.42.0:runtime"",""com.google.guava:failureaccess:1.0.2:compile"",""com.google.api.grpc:proto-google-iam-v1:1.38.0:runtime"",""io.opentelemetry:opentelemetry-api:1.41.0:compile"",""io.grpc:grpc-netty-shaded:1.66.0:compile"",""io.grpc:grpc-stub:1.66.0:compile"",""com.google.code.findbugs:jsr305:3.0.2:compile"",""io.opencensus:opencensus-api:0.31.1:compile"",""com.google.guava:guava:33.2.1-jre:compile"",""io.opencensus:opencensus-contrib-http-util:0.31.1:compile"",""com.google.protobuf:protobuf-java-util:3.25.4:runtime"",""com.google.http-client:google-http-client-gson:1.44.2:compile"",""io.grpc:grpc-grpclb:1.66.0:compile"",""com.google.api.grpc:grpc-google-cloud-bigquerystorage-v1beta1:0.181.0:compile"",""org.apache.httpcomponents:httpclient:4.5.14:compile"",""io.grpc:grpc-inprocess:1.66.0:compile""]",23,25,0,1483,0,15.776596,0.000000,94
44,com.lithium.flow:flow,com.lithium.flow:flow:0.7.48,0.7.48,1695840092000,0,45,43,0,"[""com.amazonaws:aws-java-sdk-ssm:1.12.558:compile"",""com.squareup.retrofit2:retrofit:2.9.0:compile"",""commons-io:commons-io:2.13.0:compile"",""com.hierynomus:sshj:0.35.0:compile"",""org.apache.commons:commons-csv:1.10.0:compile"",""org.easymock:easymock:5.2.0:test"",""com.jcraft:jsch:0.1.55:compile"",""com.ning:compress-lzf:1.1.2:compile"",""com.squareup.pagerduty:pagerduty-incidents:2.0.0:compile"",""redis.clients:jedis:5.0.1:compile"",""io.netty:netty-codec:4.1.98.Final:compile"",""org.elasticsearch.client:elasticsearch-rest-high-level-client:7.17.13:compile"",""com.goebl:david-webb:1.3.0:compile"",""org.elasticsearch.client:transport:7.17.13:compile"",""org.yaml:snakeyaml:2.2:compile"",""io.netty:netty-codec-http:4.1.98.Final:compile"",""io.netty:netty-codec-http2:4.1.98.Final:compile"",""org.eclipse.jetty.websocket:websocket-server:9.4.52.v20230823:compile"",""it.sauronsoftware.cron4j:cron4j:2.2.5:compile"",""org.tukaani:xz:1.9:compile"",""org.xerial.snappy:snappy-java:1.1.10.5:compile"",""org.anarres.lzo:lzo-hadoop:1.0.6:compile"",""com.squareup.okhttp3:okhttp:4.11.0:compile"",""net.jpountz.lz4:lz4:1.3:compile"",""com.jcraft:jzlib:1.1.3:compile"",""com.amazonaws:aws-java-sdk-s3:1.12.558:compile"",""org.apache.tomcat:tomcat-jdbc:10.1.13:compile"",""com.healthmarketscience.rmiio:rmiio:2.1.2:compile"",""ch.qos.reload4j:reload4j:1.2.25:compile"",""org.apache.hadoop:hadoop-hdfs-client:3.3.6:compile"",""org.apache.hadoop:hadoop-common:3.3.6:compile"",""org.eclipse.jetty:jetty-server:9.4.52.v20230823:compile"",""org.apache.commons:commons-compress:1.24.0:compile"",""commons-codec:commons-codec:1.16.0:compile"",""org.eclipse.jetty:jetty-servlet:9.4.52.v20230823:compile"",""com.amazonaws:aws-java-sdk-sts:1.12.558:compile"",""org.tmatesoft.svnkit:svnkit:1.10.11:compile"",""org.apache.commons:commons-pool2:2.11.1:compile"",""com.fasterxml.jackson.core:jackson-databind:2.15.2:compile"",""junit:junit:4.13.2:test"",""com.google.code.findbugs:jsr305:3.0.2:compile"",""org.slf4j:slf4j-api:2.0.9:compile"",""org.apache.commons:commons-lang3:3.13.0:compile"",""org.picocontainer:picocontainer:2.15:compile"",""com.google.guava:guava:32.1.2-jre:compile""]",31,12,0,3360,4,12.086331,0.014388,278
59,com.microsoft.azure:azure-functions-maven-plugin,com.microsoft.azure:azure-functions-maven-plugin:1.36.0,1.36.0,1719748437000,0,24,18,2,"[""org.springframework:spring-test:5.3.20:test"",""com.fasterxml.jackson.dataformat:jackson-dataformat-properties:2.17.0:compile"",""org.reflections:reflections:0.10.2:compile"",""org.apache.maven.plugin-tools:maven-plugin-annotations:3.5.2:provided"",""org.mockito:mockito-core:3.10.0:test"",""com.microsoft.azure:azure-toolkit-applicationinsights-lib:0.46.0:compile"",""org.codehaus.plexus:plexus-utils:3.4.2:compile"",""org.jacoco:org.jacoco.agent:0.8.8:compile"",""org.apache.maven.plugin-testing:maven-plugin-testing-harness:3.3.0:test"",""com.microsoft.azure:azure-toolkit-auth-lib:0.46.0:compile"",""com.microsoft.azure:azure-maven-plugin-lib:1.39.0:compile"",""org.apache.maven:maven-core:3.8.1:compile"",""junit:junit:4.13.2:test"",""org.apache.maven:maven-compat:3.8.1:compile"",""com.github.zafarkhaja:java-semver:0.9.0:compile"",""com.microsoft.azure:azure-appservice-maven-plugin-lib:1.39.0:compile"",""org.apache.maven:maven-settings:3.8.1:compile"",""org.apache.maven:maven-model:3.8.1:compile"",""io.projectreactor.netty:reactor-netty:1.1.13:compile"",""org.apache.maven:maven-plugin-api:3.8.1:compile"",""com.microsoft.azure:azure-toolkit-appservice-lib:0.46.0:compile"",""com.azure:azure-core-http-netty:1.14.1:compile"",""org.projectlombok:lombok:1.18.24:provided"",""org.apache.maven.plugins:maven-shade-plugin:3.4.1:compile""]",11,9,0,213,0,30.428571,0.000000,7
77,com.aoindustries:aoserv-daemon-book,com.aoindustries:aoserv-daemon-book:1.91.10,1.91.10,1693186877000,0,7,6,0,"[""com.semanticcms:semanticcms-section-taglib:1.9.1:compile"",""com.semanticcms:semanticcms-changelog-taglib:1.6.0:compile"",""org.apache.taglibs:taglibs-standard-spec:1.2.5:compile"",""org.apache.taglibs:taglibs-standard-impl:1.2.5:runtime"",""com.semanticcms:semanticcms-core-taglib:1.15.2:compile"",""com.aoapps:ao-taglib:7.2.2:compile"",""com.aoapps:ao-badges:1.10.1:compile""]",0,6,0,0,0,0.000000,0.000000,1
16,io.javaoperatorsdk:operator-framework-spring-boot-starter,io.javaoperatorsdk:operator-framework-spring-boot-starter:5.5.0,5.5.0,1716922553000,2,13,7,0,"[""io.javaoperatorsdk:jenvtest:0.9.7:test"",""io.javaoperatorsdk:operator-framework:4.9.1:compile"",""org.junit.jupiter:junit-jupiter-engine:5.10.2:test"",""io.fabric8:openshift-client:6.12.1:compile"",""org.springframework.boot:spring-boot-starter-test:3.3.0:test"",""org.junit.jupiter:junit-jupiter-api:5.10.2:test"",""org.springframework.boot:spring-boot-autoconfigure:3.3.0:compile"",""io.javaoperatorsdk:jenvtest-fabric8-client-support:0.9.7:test"",""org.junit.platform:junit-platform-commons:1.10.2:test"",""org.mockito:mockito-core:5.11.0:compile"",""org.springframework.boot:spring-boot-actuator-autoconfigure:3.3.0:compile"",""org.springframework.boot:spring-boot-configuration-processor:3.3.0:compile"",""org.springframework.boot:spring-boot-autoconfigure-processor:3.3.0:compile""]",1,6,0,74,0,7.400000,0.000000,10
74,org.springframework.data:spring-data-couchbase,org.springframework.data:spring-data-couchbase:5.3.3,5.3.3,1723801584000,2,37,12,3,"[""org.glassfish:jakarta.el:4.0.0:provided"",""org.springframework:spring-test:6.1.12:test"",""org.testcontainers:testcontainers:1.19.8:test"",""org.assertj:assertj-core:3.25.3:test"",""joda-time:joda-time:2.10.13:compile"",""jakarta.validation:jakarta.validation-api:3.0.2:compile"",""org.junit.vintage:junit-vintage-engine:5.10.3:test"",""org.mockito:mockito-junit-jupiter:5.12.0:test"",""org.springframework:spring-context-support:6.1.12:compile"",""org.awaitility:awaitility:4.0.3:test"",""org.slf4j:slf4j-api:2.0.2:compile"",""ch.qos.logback:logback-classic:1.4.13:test"",""jakarta.el:jakarta.el-api:4.0.0:provided"",""org.junit.jupiter:junit-jupiter:5.10.3:test"",""org.jetbrains.kotlin:kotlin-test:1.9.25:test"",""org.mockito:mockito-core:5.12.0:test"",""io.projectreactor:reactor-test:3.6.9:test"",""org.apache.httpcomponents:httpclient:4.5.13:test"",""com.couchbase.client:couchbase-encryption:3.1.0:test"",""org.hibernate.validator:hibernate-validator:7.0.1.Final:test"",""com.couchbase.mock:CouchbaseMock:1.5.25:test"",""org.jetbrains.kotlin:kotlin-reflect:1.9.25:compile"",""org.jetbrains.kotlin:kotlin-stdlib:1.9.25:compile"",""com.squareup.okhttp3:okhttp-tls:4.8.1:test"",""com.squareup.okhttp3:okhttp:4.8.1:test"",""jakarta.enterprise:jakarta.enterprise.cdi-api:4.0.1:provided"",""org.apache.openwebbeans:openwebbeans-se:4.0.2:test"",""javax.interceptor:javax.interceptor-api:1.2.1:test"",""org.apache.geronimo.specs:geronimo-jcdi_2.0_spec:1.0.1:test"",""com.couchbase.client:java-client:3.6.0:compile"",""com.fasterxml.jackson.datatype:jackson-datatype-joda:2.13.4:test"",""com.fasterxml.jackson.core:jackson-databind:2.17.2:compile"",""javax.inject:javax.inject:1:test"",""org.springframework:spring-tx:6.1.12:compile"",""org.springframework.data:spring-data-commons:3.3.3:compile"",""org.springframework:spring-web:6.1.12:compile"",""com.querydsl:querydsl-apt:5.1.0:compile""]",15,5,0,2726,59,8.599369,0.186120,317
37,com.chaschev:installation-maven-plugin,com.chaschev:installation-maven-plugin:1.4,1.4,1387667447000,0,17,16,0,"[""org.apache.maven:maven-aether-provider:3.1.1:compile"",""org.apache.commons:commons-lang3:3.1:compile"",""org.apache.maven.plugin-tools:maven-plugin-annotations:3.2:compile"",""org.codehaus.plexus:plexus-utils:2.1:compile"",""org.codehaus.plexus:plexus-container-default:1.5.5:compile"",""org.eclipse.aether:aether-spi:0.9.0.M2:compile"",""com.chaschev:chutils:1.1:compile"",""org.eclipse.aether:aether-util:0.9.0.M2:compile"",""ch.qos.logback:logback-classic:1.0.12:compile"",""junit:junit:4.11:test"",""org.apache.maven:maven-artifact:2.0.9:compile"",""com.google.guava:guava:15.0:compile"",""org.eclipse.aether:aether-impl:0.9.0.M2:compile"",""org.apache.maven:maven-core:3.1.1:compile"",""org.eclipse.aether:aether-api:0.9.0.M2:compile"",""org.apache.maven:maven-model:3.1.1:compile"",""org.apache.maven:maven-plugin-api:3.1.1:compile""]",11,5,0,124,0,11.272727,0.000000,11
17,io.github.yanlizhe:sql-formater,io.github.yanlizhe:sql-formater:1.9.0.RELEASE,1.9.0.RELEASE,1604304685000,0,11,10,0,"[""org.springframework:spring-aop:4.3.9.RELEASE:compile"",""org.springframework:spring-context:4.3.9.RELEASE:compile"",""org.springframework:spring-beans:4.3.9.RELEASE:compile"",""org.springframework:spring-tx:4.3.9.RELEASE:compile"",""org.apache.logging.log4j:log4j-core:2.11.1:compile"",""org.springframework:spring-expression:4.3.9.RELEASE:compile"",""commons-logging:commons-logging:1.2:compile"",""org.springframework:spring-jdbc:4.3.9.RELEASE:compile"",""org.springframework:spring-core:4.3.9.RELEASE:compile"",""org.apache.logging.log4j:log4j-api:2.11.1:compile"",""junit:junit:3.8.1:test""]",5,5,0,661,0,3.934524,0.000000,168
66,com.github.malkomich:vertx-skeleton,com.github.malkomich:vertx-skeleton:1.0.1,1.0.1,1547415124000,0,10,10,0,"[""io.vertx:vertx-service-proxy:3.5.4:compile"",""commons-logging:commons-logging:1.1.1:compile"",""ch.qos.logback:logback-classic:1.2.3:compile"",""com.google.inject:guice:4.1.0:compile"",""io.vertx:vertx-config:3.5.4:compile"",""io.vertx:vertx-web:3.5.4:compile"",""io.vertx:vertx-codegen:3.5.4:compile"",""io.vertx:vertx-web-client:3.5.4:compile"",""io.vertx:vertx-health-check:3.5.4:compile"",""io.vertx:vertx-core:3.5.4:compile""]",6,5,0,87,0,7.250000,0.000000,12
90,cn.ponfee:scheduler-registry-nacos,cn.ponfee:scheduler-registry-nacos:1.11,1.11,1682177159000,0,15,3,5,"[""org.springframework.boot:spring-boot-configuration-processor:2.7.11:provided"",""org.mapstruct:mapstruct-processor:1.5.4.Final:provided"",""org.springframework.boot:spring-boot-starter-test:2.7.11:test"",""org.junit.platform:junit-platform-runner:1.8.2:test"",""com.alibaba.nacos:nacos-client:2.2.2:compile"",""org.hamcrest:hamcrest:2.2:test"",""org.skyscreamer:jsonassert:1.5.1:test"",""org.projectlombok:lombok:1.18.26:provided"",""org.assertj:assertj-core:3.22.0:test"",""org.junit.platform:junit-platform-suite:1.8.2:test"",""org.hibernate.validator:hibernate-validator-annotation-processor:6.2.5.Final:provided"",""org.springframework:spring-context-indexer:5.3.27:provided"",""org.springframework.boot:spring-boot-starter-logging:2.7.11:compile"",""org.testcontainers:testcontainers:1.18.0:test"",""cn.ponfee:scheduler-registry-api:1.11:compile""]",3,5,0,46,0,9.200000,0.000000,5
43,com.tobedevoured.naether:naether,com.tobedevoured.naether:naether:0.9.0,0.9.0,1347473455000,0,14,13,0,"[""org.sonatype.aether:aether-util:1.13.1:compile"",""junit:junit:4.10:test"",""org.apache.maven.wagon:wagon-file:1.0:compile"",""org.apache.maven.wagon:wagon-ssh:1.0:compile"",""org.sonatype.aether:aether-connector-wagon:1.13.1:compile"",""org.apache.maven.wagon:wagon-http-lightweight:1.0:compile"",""org.sonatype.aether:aether-connector-file:1.13.1:compile"",""org.slf4j:log4j-over-slf4j:1.6.6:compile"",""org.sonatype.aether:aether-api:1.13.1:compile"",""org.sonatype.aether:aether-connector-asynchttpclient:1.13.1:compile"",""org.apache.maven:maven-aether-provider:3.0.3:compile"",""org.sonatype.aether:aether-impl:1.13.1:compile"",""org.slf4j:jcl-over-slf4j:1.6.6:compile"",""ch.qos.logback:logback-classic:1.0.6:compile""]",9,5,0,164,1,7.130435,0.043478,23
95,org.codelibs.fess:fess-ds-salesforce,org.codelibs.fess:fess-ds-salesforce:14.10.0,14.10.0,1691309393000,0,12,6,4,"[""com.force.api:force-wsc:47.0.0:compile"",""org.dbflute.utflute:utflute-lastaflute:0.9.5:test"",""org.codelibs.fess:fess:14.10.0:provided"",""org.codelibs:corelib:0.5.5:compile"",""org.lastaflute:lastaflute:1.2.5:compile"",""javax.servlet:javax.servlet-api:4.0.1:provided"",""com.force.api:force-partner-api:47.0.0:compile"",""org.slf4j:slf4j-api:1.7.36:compile"",""junit:junit:4.13.2:test"",""org.opensearch:opensearch:2.9.0:provided"",""org.dbflute:dbflute-runtime:1.2.6:compile"",""javax.annotation:javax.annotation-api:1.3.2:provided""]",5,5,0,180,0,5.625000,0.000000,32
89,com.phoenixnap.oss:springmvc-raml-parser,com.phoenixnap.oss:springmvc-raml-parser:0.10.14,0.10.14,1519386226000,0,23,18,0,"[""com.google.guava:guava:17.0:compile"",""com.fasterxml.jackson.datatype:jackson-datatype-jsr310:2.8.6:compile"",""org.springframework.security:spring-security-core:4.1.4.RELEASE:compile"",""com.fasterxml.jackson.core:jackson-core:2.8.5:compile"",""org.jsonschema2pojo:jsonschema2pojo-core:0.4.31:compile"",""com.fasterxml.jackson.core:jackson-annotations:2.8.5:compile"",""org.raml:raml-parser-2:1.0.9:compile"",""org.hamcrest:hamcrest-all:1.3:test"",""com.sun.codemodel:codemodel:2.6:compile"",""org.mockito:mockito-core:1.10.19:test"",""org.powermock:powermock-module-junit4:1.6.2:test"",""org.powermock:powermock-api-mockito:1.6.2:test"",""junit:junit:4.12:test"",""org.springframework.cloud:spring-cloud-starter-feign:1.1.6.RELEASE:compile"",""org.reflections:reflections:0.9.10:compile"",""com.fasterxml.jackson.module:jackson-module-jsonSchema:2.8.6:compile"",""org.springframework:spring-webmvc:4.3.5.RELEASE:compile"",""org.raml:raml-parser:0.8.17:compile"",""com.github.javaparser:javaparser-core:2.4.0:compile"",""commons-io:commons-io:2.5:compile"",""org.springframework:spring-web:4.3.5.RELEASE:compile"",""org.springframework:spring-context:4.3.5.RELEASE:compile"",""com.phoenixnap.oss:springmvc-raml-annotations:0.10.14:compile""]",16,4,0,1477,6,8.688235,0.035294,170
88,org.springframework.batch:spring-batch-integration,org.springframework.batch:spring-batch-integration:5.1.2,5.1.2,1716373809000,1,8,7,1,"[""org.springframework.integration:spring-integration-jdbc:6.2.5:compile"",""jakarta.jms:jakarta.jms-api:3.1.0:compile"",""com.google.code.findbugs:jsr305:3.0.2:provided"",""org.springframework:spring-jms:6.1.7:compile"",""org.springframework.integration:spring-integration-core:6.2.5:compile"",""org.springframework.integration:spring-integration-jms:6.2.5:compile"",""org.springframework:spring-messaging:6.1.7:compile"",""org.springframework.batch:spring-batch-core:5.1.2:compile""]",6,4,0,348,5,7.909091,0.113636,44
33,org.zalando:tracer-junit,org.zalando:tracer-junit:0.17.2,0.17.2,1565719617000,0,16,5,4,"[""org.junit.platform:junit-platform-launcher:1.2.0:test"",""org.projectlombok:lombok:1.18.2:provided"",""org.hobsoft.hamcrest:hamcrest-compose:0.4.0:test"",""org.junit.jupiter:junit-jupiter-engine:5.2.0:test"",""com.google.gag:gag:1.0.1:provided"",""org.mockito:mockito-core:2.21.0:test"",""org.zalando:tracer-core:0.17.2:compile"",""org.junit.jupiter:junit-jupiter-api:5.2.0:provided"",""org.apiguardian:apiguardian-api:1.1.0:compile"",""com.google.code.findbugs:jsr305:3.0.2:compile"",""org.hamcrest:java-hamcrest:2.0.0.0:test"",""org.junit.jupiter:junit-jupiter-params:5.2.0:test"",""org.slf4j:slf4j-api:1.7.28:compile"",""junit:junit:4.12:provided"",""org.junit.vintage:junit-vintage-engine:5.2.0:test"",""javax.inject:javax.inject:1:compile""]",5,4,0,13,0,6.500000,0.000000,2
30,com.amazon.opendistroforelasticsearch:opendistro_security_advanced_modules,com.amazon.opendistroforelasticsearch:opendistro_security_advanced_modules:1.3.0.0,1.3.0.0,1576620522000,0,32,15,3,"[""io.jsonwebtoken:jjwt-api:0.10.5:compile"",""commons-io:commons-io:2.6:test"",""junit:junit:4.12:test"",""org.elasticsearch.plugin:reindex-client:7.3.2:test"",""javax.servlet:servlet-api:2.5:test"",""io.jsonwebtoken:jjwt-impl:0.10.5:runtime"",""org.springframework.kafka:spring-kafka-test:2.2.7.RELEASE:test"",""org.elasticsearch.plugin:percolator-client:7.3.2:test"",""org.mockito:mockito-core:2.23.0:test"",""com.amazon.opendistroforelasticsearch:opendistro_security:1.3.0.0:test"",""com.unboundid:unboundid-ldapsdk:4.0.9:test"",""org.hamcrest:hamcrest-all:1.3:test"",""org.apache.cxf:cxf-rt-rs-security-jose:3.2.2:compile"",""org.elasticsearch:elasticsearch-ssl-config:7.3.2:test"",""com.onelogin:java-saml:2.3.0:compile"",""org.opensaml:opensaml-saml-impl:3.3.0:compile"",""org.ldaptive:ldaptive:1.2.3:compile"",""com.flipkart.zjsonpatch:zjsonpatch:0.4.4:compile"",""org.apache.kafka:kafka-clients:2.0.1:test"",""com.google.guava:guava:25.1-jre:compile"",""com.jayway.jsonpath:json-path:2.4.0:compile"",""commons-collections:commons-collections:3.2.2:compile"",""io.jsonwebtoken:jjwt-jackson:0.10.5:runtime"",""com.github.wnameless:json-flattener:0.5.0:compile"",""org.apache.kafka:kafka-clients:2.0.1:compile"",""org.apache.logging.log4j:log4j-core:2.11.1:provided"",""com.fasterxml.jackson.core:jackson-databind:2.9.10.1:compile"",""org.apache.httpcomponents:httpclient-cache:4.5.3:compile"",""org.elasticsearch.client:elasticsearch-rest-high-level-client:7.3.2:compile"",""org.apache.logging.log4j:log4j-slf4j-impl:2.11.1:compile"",""org.elasticsearch:elasticsearch:7.3.2:provided"",""com.amazon.opendistroforelasticsearch:opendistro_security:1.3.0.0:provided""]",16,4,0,1599,10,19.740741,0.123457,81
20,com.hazelcast:hazelcast-wm,com.hazelcast:hazelcast-wm:5.0,5.0,1718189872000,1,24,2,7,"[""com.hazelcast:hazelcast:5.4.0:provided"",""org.apache.tomcat:tomcat-catalina:9.0.89:test"",""org.eclipse.jetty:jetty-webapp:10.0.21:test"",""org.apache.logging.log4j:log4j-slf4j2-impl:2.23.1:test"",""net.bytebuddy:byte-buddy-agent:1.6.12:test"",""org.apache.httpcomponents:httpclient:4.5.13:test"",""org.apache.logging.log4j:log4j-api:2.23.1:compile"",""org.springframework:spring-context:5.3.36:provided"",""org.springframework:spring-core:5.3.36:provided"",""org.assertj:assertj-core:3.24.2:test"",""junit:junit:4.13.1:test"",""net.bytebuddy:byte-buddy:1.6.12:test"",""com.hazelcast:hazelcast:5.4.0:test"",""org.apache.tomcat.embed:tomcat-embed-core:9.0.89:test"",""org.apache.logging.log4j:log4j-core:2.23.1:compile"",""org.apache.tomcat:tomcat-util:9.0.89:test"",""org.eclipse.jetty:apache-jsp:10.0.21:test"",""org.springframework.security:spring-security-config:5.8.12:test"",""org.apache.tomcat:tomcat-jasper:9.0.89:test"",""org.springframework.security:spring-security-web:5.8.12:provided"",""org.springframework:spring-webmvc:5.3.36:test"",""org.springframework:spring-web:5.3.36:provided"",""jakarta.servlet:jakarta.servlet-api:4.0.4:provided"",""jakarta.servlet.jsp:jakarta.servlet.jsp-api:2.3.6:provided""]",5,4,0,285,4,12.954545,0.181818,22
63,com.weibo:filter-opentracing,com.weibo:filter-opentracing:1.2.3,1.2.3,1717040755000,0,17,5,0,"[""junit:junit:4.13.1:test"",""io.zipkin.brave:brave-spancollector-http:3.16.0:test"",""io.opentracing.brave:brave-opentracing:0.16.0:test"",""org.jmock:jmock:2.5.1:test"",""org.objenesis:objenesis:1.2:test"",""io.opentracing:opentracing-mock:0.20.4:test"",""org.jmock:jmock-legacy:2.5.1:test"",""org.slf4j:slf4j-api:1.7.25:compile"",""com.weibo:motan-core:1.2.3:compile"",""cglib:cglib-nodep:2.2:test"",""org.jmock:jmock-junit4:2.5.1:test"",""org.springframework:spring-context:5.3.20:test"",""org.apache.commons:commons-lang3:3.1:compile"",""com.weibo:motan-springsupport:1.2.3:test"",""com.weibo:motan-transport-netty:1.2.3:test"",""io.opentracing:opentracing-impl:0.20.4:compile"",""io.opentracing:opentracing-api:0.20.4:compile""]",2,3,0,27,0,9.000000,0.000000,3
14,org.wso2.carbon.hash.provider.pbkdf2:org.wso2.carbon.hash.provider.pbkdf2,org.wso2.carbon.hash.provider.pbkdf2:org.wso2.carbon.hash.provider.pbkdf2:0.1.1,0.1.1,1625826147000,0,11,6,1,"[""org.wso2.carbon:org.wso2.carbon.utils:4.6.3-m4:compile"",""org.testng:testng:6.9.10:test"",""org.powermock:powermock-api-mockito:1.7.4:test"",""org.jacoco:org.jacoco.agent:0.8.2:test"",""org.powermock:powermock-module-testng:1.7.4:test"",""org.wso2.carbon:org.wso2.carbon.user.core:4.6.3-m4:compile"",""org.eclipse.osgi:org.eclipse.osgi.services:3.3.100.v20130513-1956:compile"",""commons-logging:commons-logging:1.2:compile"",""org.eclipse.osgi:org.eclipse.osgi:3.9.1.v20130814-1242:compile"",""org.ops4j.pax.logging:pax-logging-api:1.11.0:compile"",""org.apache.felix:org.apache.felix.scr.ds-annotations:1.2.10:provided""]",4,3,0,47,1,9.400000,0.200000,5
1,org.eurekaclinical:i2b2-client,org.eurekaclinical:i2b2-client:2.3,2.3,1597331951000,0,6,6,0,"[""javax.xml.bind:jaxb-api:2.3.1:compile"",""com.sun.xml.bind:jaxb-core:2.3.0.1:compile"",""com.sun.xml.bind:jaxb-impl:2.3.1:compile"",""org.freemarker:freemarker:2.3.29:compile"",""org.apache.commons:commons-lang3:3.9:compile"",""org.slf4j:slf4j-api:1.7.29:compile""]",3,3,0,167,0,4.513514,0.000000,37
97,com.github.davidmarquis:redis-scheduler,com.github.davidmarquis:redis-scheduler:3.0.0,3.0.0,1523196258000,0,12,1,6,"[""redis.clients:jedis:2.9.0:provided"",""org.springframework:spring-core:4.3.15.RELEASE:provided"",""org.springframework:spring-test:4.3.15.RELEASE:test"",""org.hamcrest:hamcrest-all:1.3:test"",""junit:junit:4.12:test"",""org.mockito:mockito-all:1.9.5:test"",""com.github.kstyrc:embedded-redis:0.6:test"",""org.springframework.data:spring-data-redis:1.8.11.RELEASE:provided"",""ch.qos.logback:logback-classic:1.2.3:provided"",""org.apache.commons:commons-pool2:2.2:provided"",""io.lettuce:lettuce-core:5.0.3.RELEASE:provided"",""javax.annotation:javax.annotation-api:1.3.1:compile""]",4,3,0,41,0,3.727273,0.000000,11
25,com.divconq:divconq-core,com.divconq:divconq-core:0.9.5,0.9.5,1417108561000,0,16,15,0,"[""net.java.dev.jna:jna-platform:4.1.0:compile"",""net.java.dev.jna:jna:4.1.0:compile"",""org.bouncycastle:bcpg-jdk15on:1.51:compile"",""org.codehaus.groovy:groovy:2.3.7:compile"",""com.fifesoft:rsyntaxtextarea:2.5.3:compile"",""com.googlecode.java-ipv6:java-ipv6:0.15:compile"",""org.apache.commons:commons-compress:1.9:compile"",""org.slf4j:slf4j-api:1.7.7:compile"",""org.bouncycastle:bcpkix-jdk15on:1.51:compile"",""net.contentobjects.jnotify:jnotify:0.94:compile"",""org.bouncycastle:bcprov-ext-jdk15on:1.51:compile"",""com.jcraft:jsch:0.1.51:compile"",""io.netty:netty-all:4.0.24.Final:compile"",""commons-daemon:commons-daemon:1.0.15:compile"",""joda-time:joda-time:2.5:compile"",""junit:junit:3.8.1:test""]",12,3,0,3984,8,6.977233,0.014011,571
2,org.jeecgframework.nacos:nacos-api,org.jeecgframework.nacos:nacos-api:2.3.2,2.3.2,1720620475000,7,8,8,0,"[""io.grpc:grpc-stub:1.57.2:compile"",""io.grpc:grpc-protobuf:1.57.2:compile"",""javax.annotation:javax.annotation-api:1.3.2:compile"",""com.fasterxml.jackson.core:jackson-databind:2.13.5:compile"",""io.grpc:grpc-netty-shaded:1.57.2:compile"",""com.google.protobuf:protobuf-java:3.22.3:compile"",""com.google.api.grpc:proto-google-common-protos:2.17.0:compile"",""com.fasterxml.jackson.core:jackson-core:2.13.5:compile""]",7,3,0,347,9,2.090361,0.054217,166
62,tech.aroma:aroma-notification-service,tech.aroma:aroma-notification-service:2.0,2.0,1498493257000,0,16,8,0,"[""org.hamcrest:hamcrest-library:1.3:test"",""ch.qos.logback:logback-classic:1.2.3:runtime"",""org.slf4j:slf4j-nop:1.7.25:test"",""tech.sirwellington.alchemy:alchemy-http-mock:1.1:test"",""org.mockito:mockito-core:2.8.9:test"",""tech.aroma:aroma-thrift-generators:2.0.1:test"",""tech.sirwellington.alchemy:alchemy-collections:1.1:compile"",""com.google.inject:guice:4.1.0:compile"",""com.notnoop.apns:apns:1.0.0.Beta6:compile"",""tech.aroma:aroma-thrift:2.0.2:compile"",""org.slf4j:slf4j-api:1.7.25:compile"",""tech.sirwellington.alchemy:alchemy-thrift:2.0:compile"",""tech.sirwellington.alchemy:alchemy-http:1.3:compile"",""tech.sirwellington.alchemy:alchemy-generator:2.1.1:compile"",""tech.sirwellington.alchemy:alchemy-test:2.1.1:test"",""junit:junit:4.12:test""]",6,2,0,130,0,11.818182,0.000000,11
23,com.sondertara:common-tara,com.sondertara:common-tara:1.0.3,1.0.3,1674034241000,0,12,10,1,"[""com.google.guava:guava:31.1-jre:compile"",""jakarta.servlet:jakarta.servlet-api:4.0.4:provided"",""commons-codec:commons-codec:1.15:compile"",""commons-io:commons-io:2.11.0:compile"",""org.javassist:javassist:3.29.2-GA:compile"",""org.apache.commons:commons-lang3:3.12.0:compile"",""org.apache.commons:commons-collections4:4.4:compile"",""org.projectlombok:lombok:1.18.24:compile"",""org.slf4j:slf4j-api:2.0.5:compile"",""org.junit.jupiter:junit-jupiter:5.8.2:test"",""com.alibaba.fastjson2:fastjson2:2.0.20:compile"",""org.bouncycastle:bcprov-jdk15on:1.70:compile""]",9,2,0,1363,9,6.747525,0.044554,202
36,com.vaadin.external.atmosphere:atmosphere-annotations,com.vaadin.external.atmosphere:atmosphere-annotations:2.4.24.vaadin3,2.4.24.vaadin3,1701349435000,1,3,2,1,"[""com.vaadin.external.slf4j:vaadin-slf4j-jdk14:1.6.1:compile"",""com.vaadin.external.atmosphere:atmosphere-runtime:2.4.24.vaadin3:compile"",""org.eclipse.jetty:jetty-websocket:7.6.9.v20130131:provided""]",1,2,0,45,1,5.625000,0.125000,8
53,org.appverse.web.framework.modules.backend.frontfacade.gwt:appverse-web-modules-backend-frontfacade-gwt,org.appverse.web.framework.modules.backend.frontfacade.gwt:appverse-web-modules-backend-frontfacade-gwt:1.5.4-RELEASE,1.5.4-RELEASE,1449047091000,0,7,6,1,"[""javax.servlet:javax.servlet-api:3.0.1:provided"",""com.google.gwt:gwt-servlet:2.6.1:compile"",""org.apache.tika:tika-app:1.7:compile"",""org.glassfish.jersey.media:jersey-media-multipart:2.13:compile"",""org.glassfish.jersey.ext:jersey-spring3:2.13:compile"",""org.glassfish.jersey.containers:jersey-container-servlet:2.13:compile"",""org.appverse.web.framework.modules.backend.core.api:appverse-web-modules-backend-core-api:1.5.4-RELEASE:compile""]",6,2,0,115,0,5.227273,0.000000,22
41,com.github.thorbenkuck:NetCom2-Logging,com.github.thorbenkuck:NetCom2-Logging:1.3.1,1.3.1,1569683865000,0,4,2,0,"[""org.mockito:mockito-core:2.15.0:compile"",""com.github.thorbenkuck:keller-core:1.0.2:compile"",""org.hamcrest:hamcrest-all:1.3:test"",""junit:junit:4.12:test""]",0,2,0,12,0,0.857143,0.000000,14
42,cn.smartcoding:smart-job-starter,cn.smartcoding:smart-job-starter:1.0.0,1.0.0,1608018781000,0,3,1,2,"[""cn.smartcoding:smart-job-core:1.0.0:compile"",""org.springframework.boot:spring-boot-configuration-processor:2.0.4.RELEASE:provided"",""org.springframework.boot:spring-boot-starter:2.0.4.RELEASE:provided""]",1,2,0,9,0,4.500000,0.000000,2
56,org.littleshoot:xmpp,org.littleshoot:xmpp:1.0.9,1.0.9,1398890411000,0,10,9,0,"[""log4j:log4j:1.2.17:compile"",""org.littleshoot:p2p-sockets:1.0.3:compile"",""org.littleshoot:smack-xmpp-3-2-2:1.0.6:compile"",""junit:junit:4.11:test"",""org.slf4j:slf4j-api:1.7.2:compile"",""org.littleshoot:util:1.0.3:compile"",""org.slf4j:slf4j-log4j12:1.7.2:compile"",""org.littleshoot:offer-answer:1.0.3:compile"",""org.littleshoot:dnssec4j:0.1.5:compile"",""org.littleshoot:mina-util:1.0.3:compile""]",7,2,0,235,0,13.823529,0.000000,17
49,com.hack23.sonar:sonar-cloudformation-plugin,com.hack23.sonar:sonar-cloudformation-plugin:3.0.11,3.0.11,1671037442000,0,11,5,1,"[""org.apache.commons:commons-lang3:3.12.0:compile"",""org.apache.commons:commons-csv:1.10.0:test"",""junit:junit:4.13.2:test"",""com.fasterxml.staxmate:staxmate:2.4.0:compile"",""com.openpojo:openpojo:0.9.1:test"",""org.mockito:mockito-core:4.9.0:test"",""commons-io:commons-io:2.11.0:compile"",""com.fasterxml.jackson.core:jackson-databind:2.14.1:compile"",""org.sonarsource.sonarqube:sonar-testing-harness:8.9.10.61524:test"",""org.sonarsource.analyzer-commons:sonar-analyzer-commons:2.1.0.1111:compile"",""org.sonarsource.sonarqube:sonar-plugin-api:7.9:provided""]",4,2,0,141,0,5.875000,0.000000,24
28,com.yicenyun.casdoor:casdoor-client,com.yicenyun.casdoor:casdoor-client:1.3.0,1.3.0,1704038253000,0,10,7,0,"[""org.junit.jupiter:junit-jupiter-api:5.10.1:test"",""com.squareup.okhttp3:okhttp:5.0.0-alpha.11:compile"",""org.junit.jupiter:junit-jupiter-engine:5.10.1:test"",""com.squareup.okhttp3:logging-interceptor:5.0.0-alpha.11:compile"",""com.squareup.okhttp3:mockwebserver3-junit5:5.0.0-alpha.11:test"",""com.squareup.retrofit2:converter-jackson:2.9.0:compile"",""org.apache.oltu.oauth2:org.apache.oltu.oauth2.client:1.0.2:compile"",""com.nimbusds:nimbus-jose-jwt:9.37.2:compile"",""com.squareup.retrofit2:retrofit:2.9.0:compile"",""commons-beanutils:commons-beanutils:1.9.4:compile""]",5,2,0,284,0,5.680000,0.000000,50
48,com.insidecoding:sos,com.insidecoding:sos:1.3.2,1.3.2,1363034350000,0,9,9,0,"[""org.apache.poi:poi-ooxml-schemas:3.9:compile"",""org.seleniumhq.selenium:selenium-java:2.29.0:compile"",""log4j:log4j:1.2.17:compile"",""xml-apis:xml-apis:1.4.01:compile"",""org.seleniumhq.selenium:selenium-htmlunit-driver:2.29.0:compile"",""junit:junit:4.10:compile"",""org.apache.poi:poi-ooxml:3.9:compile"",""org.apache.poi:poi:3.9:compile"",""commons-lang:commons-lang:2.6:compile""]",8,2,0,137,0,15.222222,0.000000,9
79,org.zalando:jackson-module-unknown-property,org.zalando:jackson-module-unknown-property:0.2.1,0.2.1,1532676396000,0,9,2,2,"[""com.google.code.findbugs:jsr305:3.0.2:provided"",""org.hamcrest:hamcrest-all:1.3:test"",""org.slf4j:slf4j-api:1.7.25:compile"",""org.slf4j:slf4j-simple:1.7.25:test"",""org.mockito:mockito-core:2.20.0:test"",""junit:junit:4.12:test"",""com.google.guava:guava:25.1-jre:test"",""com.fasterxml.jackson.core:jackson-databind:2.9.6:compile"",""com.google.gag:gag:1.0.1:provided""]",2,2,0,12,0,6.000000,0.000000,2
91,nl.basjes.parse.useragent:yauaa-logparser,nl.basjes.parse.useragent:yauaa-logparser:7.27.0,7.27.0,1724509696000,0,12,1,3,"[""org.junit.jupiter:junit-jupiter-engine:5.11.0:test"",""org.junit.jupiter:junit-jupiter-params:5.11.0:test"",""org.hamcrest:hamcrest-core:3.0:test"",""org.antlr:antlr4-runtime:[4.13.2]:test"",""org.apache.logging.log4j:log4j-core:2.23.1:provided"",""org.apache.logging.log4j:log4j-slf4j-impl:2.23.1:test"",""org.yaml:snakeyaml:2.2:test"",""org.junit.vintage:junit-vintage-engine:5.11.0:test"",""nl.basjes.parse.httpdlog:httpdlog-parser:5.11.0:provided"",""nl.basjes.parse:parser-core:5.11.0:test"",""nl.basjes.parse:parser-core:5.11.0:provided"",""nl.basjes.parse.useragent:yauaa:7.27.0:compile""]",2,2,0,20,0,20.000000,0.000000,1
94,com.darwinsys:darwinsys-api,com.darwinsys:darwinsys-api:1.8.0,1.8.0,1706803006000,0,4,2,1,"[""org.junit.vintage:junit-vintage-engine:5.7.1:compile"",""org.junit.jupiter:junit-jupiter-params:5.7.1:test"",""org.junit.jupiter:junit-jupiter-engine:5.7.1:compile"",""com.sun.mail:jakarta.mail:2.0.1:provided""]",1,2,0,889,9,4.779570,0.048387,186
67,at.molindo.social:spring-social-openid,at.molindo.social:spring-social-openid:1.1.1.RELEASE,1.1.1.RELEASE,1449668810000,0,10,6,1,"[""org.springframework.security:spring-security-openid:3.2.8.RELEASE:compile"",""log4j:log4j:1.2.17:test"",""javax.servlet:javax.servlet-api:3.0.1:provided"",""org.springframework:spring-core:4.1.8.RELEASE:compile"",""org.slf4j:slf4j-log4j12:1.7.3:test"",""junit:junit:4.11:test"",""org.slf4j:slf4j-api:1.7.3:compile"",""org.slf4j:jcl-over-slf4j:1.7.3:compile"",""org.springframework.social:spring-social-security:1.1.4.RELEASE:compile"",""org.springframework.social:spring-social-core:1.1.4.RELEASE:compile""]",6,1,0,54,0,4.500000,0.000000,12
70,org.mirah.maven:maven-mirah-plugin,org.mirah.maven:maven-mirah-plugin:1.0,1.0,1300928834000,0,5,5,0,"[""org.apache.maven.plugins:maven-compiler-plugin:2.3.2:compile"",""org.mirah:mirah-complete:0.0.7:compile"",""org.codehaus.plexus:plexus-utils:2.0.1:compile"",""org.apache.maven:maven-project:2.2.1:compile"",""org.apache.maven:maven-plugin-api:2.2.1:compile""]",4,1,0,8,3,8.000000,3.000000,1
73,com.github.hammelion:jraml,com.github.hammelion:jraml:0.3,0.3,1434543897000,0,9,5,1,"[""junit:junit:4.12:test"",""org.httpunit:httpunit:1.7.2:test"",""org.hamcrest:hamcrest-all:1.3:test"",""org.jukito:jukito:1.4.1:compile"",""com.google.inject:guice:4.0:provided"",""org.reflections:reflections:0.9.9:compile"",""org.raml:raml-parser:0.8.11:compile"",""javax.ws.rs:javax.ws.rs-api:2.0.1:compile"",""javax.servlet:javax.servlet-api:3.1.0:compile""]",5,1,0,120,0,8.571429,0.000000,14
76,com.github.jsrdxzw:redis-kit-spring-boot-starter,com.github.jsrdxzw:redis-kit-spring-boot-starter:2.0.0,2.0.0,1651225093000,0,5,5,0,"[""com.fasterxml.jackson.core:jackson-databind:2.13.2.2:compile"",""org.aspectj:aspectjweaver:1.9.7:compile"",""org.springframework.data:spring-data-redis:2.6.3:compile"",""org.springframework.boot:spring-boot-autoconfigure:2.6.6:compile"",""org.springframework.boot:spring-boot-configuration-processor:2.6.6:compile""]",4,1,0,167,0,6.185185,0.000000,27
58,org.neo4j:server-api,org.neo4j:server-api:5.23.0,5.23.0,1724327477000,2,5,3,0,"[""org.assertj:assertj-core:3.26.0:test"",""org.neo4j:neo4j-kernel:5.23.0:compile"",""jakarta.ws.rs:jakarta.ws.rs-api:2.1.6:compile"",""org.junit.jupiter:junit-jupiter:5.10.3:test"",""org.neo4j:annotations:5.23.0:compile""]",2,1,0,49,0,2.882353,0.000000,17
80,org.opengis.cite:ets-cdb10,org.opengis.cite:ets-cdb10:1.1,1.1,1690565435000,0,14,11,0,"[""xml-apis:xml-apis:1.4.01:compile"",""org.testng:testng:6.9.10:compile"",""com.beust:jcommander:1.27:compile"",""com.sun.jersey:jersey-client:1.19:compile"",""javax.ws.rs:jsr311-api:1.1.1:compile"",""org.apache.commons:commons-lang3:3.7:compile"",""junit:junit:4.12:test"",""com.google.inject:guice:4.0:test"",""xerces:xercesImpl:2.12.2:compile"",""commons-io:commons-io:2.7:compile"",""org.opengis.cite.saxon:saxon9:9.0.0.8:compile"",""org.opengis.cite:schema-utils:1.8:compile"",""org.mockito:mockito-core:1.10.19:test"",""org.opengis.cite.teamengine:teamengine-spi:4.9:compile""]",10,1,0,764,0,9.095238,0.000000,84
82,org.correomqtt:correomqtt-client,org.correomqtt:correomqtt-client:0.14.99,0.14.99,1645370484000,0,30,27,0,"[""org.pf4j:pf4j-update:2.3.0:compile"",""commons-io:commons-io:2.11.0:compile"",""org.jdom:jdom2:2.0.6.1:compile"",""com.fasterxml.jackson.datatype:jackson-datatype-jsr310:2.13.1:compile"",""org.junit.jupiter:junit-jupiter-api:5.8.2:test"",""com.google.code.gson:gson:2.8.9:compile"",""com.github.xafero.java-keyring:java-keyring:7c26961cc4:compile"",""org.openjfx:javafx-controls:13:compile"",""de.swiesend:secret-service:1.7.0:compile"",""com.fasterxml.jackson.core:jackson-databind:2.13.1:compile"",""com.github.peter-gergely-horvath:windpapi4j:1.0:compile"",""org.testfx:testfx-junit5:4.0.16-alpha:test"",""org.fxmisc.flowless:flowless:0.6.7:compile"",""org.testfx:testfx-core:4.0.16-alpha:test"",""ch.qos.logback:logback-core:1.2.10:compile"",""org.fxmisc.richtext:richtextfx:0.10.7:compile"",""org.pf4j:pf4j:3.6.0:compile"",""org.projectlombok:lombok:1.18.22:compile"",""com.hivemq:hivemq-mqtt-client:1.1.2:compile"",""com.googlecode.json-simple:json-simple:1.1.1:compile"",""org.apache.commons:commons-lang3:3.12.0:compile"",""ch.qos.logback:logback-classic:1.2.10:compile"",""org.slf4j:slf4j-api:1.7.33:compile"",""com.fasterxml.jackson.core:jackson-annotations:2.13.1:compile"",""com.hierynomus:sshj:0.32.0:compile"",""org.openjfx:javafx-fxml:13:compile"",""com.fasterxml.jackson.core:jackson-core:2.13.1:compile"",""org.openjfx:javafx-base:13:compile"",""org.openjfx:javafx-graphics:13:compile"",""org.apache.maven:maven-artifact:3.8.1:compile""]",26,1,1,1755,9,7.343096,0.037657,239
84,com.researchworx.cresco:cresco-library,com.researchworx.cresco:cresco-library:0.4.1,0.4.1,1504205453000,0,2,2,0,"[""commons-configuration:commons-configuration:1.10:compile"",""com.google.code.gson:gson:2.6.2:compile""]",1,1,0,28,0,4.000000,0.000000,7
86,com.naturalprogrammer.cleanflow:cleanflow,com.naturalprogrammer.cleanflow:cleanflow:1.5.4,1.5.4,1651151311000,0,6,1,1,"[""org.projectlombok:lombok:1.18.22:provided"",""org.mockito:mockito-core:4.3.1:test"",""org.mockito:mockito-junit-jupiter:4.3.1:test"",""org.slf4j:slf4j-api:1.7.36:compile"",""ch.qos.logback:logback-classic:1.2.11:test"",""org.junit.jupiter:junit-jupiter:5.8.2:test""]",1,1,0,60,0,7.500000,0.000000,8
92,com.github.groupon.monsoon:monsoon-extra-influx,com.github.groupon.monsoon:monsoon-extra-influx:2.3.1,2.3.1,1513649266000,0,13,5,1,"[""org.hamcrest:hamcrest-all:1.3:test"",""com.github.groupon.monsoon:monsoon-impl-intf:2.3.1:compile"",""org.hamcrest:hamcrest-library:1.3:test"",""org.projectlombok:lombok:1.16.8:provided"",""org.mockito:mockito-all:1.10.19:test"",""org.powermock:powermock-api-mockito:1.6.2:test"",""org.powermock:powermock-module-junit4:1.6.2:test"",""junit:junit:4.12:test"",""com.github.groupon.monsoon:monsoon-collector-base:2.3.1:compile"",""javax.servlet:javax.servlet-api:3.1.0:compile"",""com.google.code.gson:gson:2.4:test"",""org.influxdb:influxdb-java:2.7:compile"",""joda-time:joda-time:2.8:compile""]",5,1,0,158,6,22.571429,0.857143,7
0,com.fuzhutech:fuzhutech-ueditor,com.fuzhutech:fuzhutech-ueditor:1.0.0,1.0.0,1495562978000,0,7,6,0,"[""org.json:json:20160810:compile"",""javax.servlet:javax.servlet-api:3.1.0:compile"",""org.springframework:spring-web:4.1.5.RELEASE:compile"",""commons-codec:commons-codec:1.10:compile"",""org.slf4j:slf4j-log4j12:1.7.7:compile"",""commons-fileupload:commons-fileupload:1.3.2:compile"",""junit:junit:3.8.1:test""]",5,1,0,134,6,5.826087,0.260870,23
50,org.springframework.security:spring-security-jwt,org.springframework.security:spring-security-jwt:1.1.1.RELEASE,1.1.1.RELEASE,1590675484000,106,4,1,0,"[""org.mockito:mockito-all:1.9.5:test"",""junit:junit:4.11:test"",""org.jruby:jruby:1.7.8:test"",""org.bouncycastle:bcpkix-jdk15on:1.64:compile""]",1,1,0,76,1,4.000000,0.052632,19
22,com.coveo:feign-error-decoder,com.coveo:feign-error-decoder:3.1.1,3.1.1,1710532682000,0,12,6,0,"[""ch.qos.logback:logback-core:1.2.13:test"",""org.slf4j:slf4j-api:1.7.36:compile"",""org.junit.jupiter:junit-jupiter-engine:5.8.2:test"",""org.springframework:spring-context:5.3.21:compile"",""ch.qos.logback:logback-classic:1.2.11:test"",""org.mockito:mockito-junit-jupiter:4.6.1:test"",""com.google.truth:truth:1.1.3:test"",""org.springframework:spring-web:5.3.21:compile"",""org.junit.jupiter:junit-jupiter-api:5.8.2:test"",""com.fasterxml.jackson.core:jackson-databind:2.13.3:compile"",""io.github.openfeign:feign-jackson:11.8:compile"",""io.github.openfeign:feign-core:11.8:compile""]",5,1,0,50,0,5.000000,0.000000,10
6,com.qiniu:qiniu-logging-plugin-log4j2,com.qiniu:qiniu-logging-plugin-log4j2:1.0.0,1.0.0,1530865849000,0,4,1,2,"[""com.qiniu:qiniu-pandora-sdk:2.0.2:compile"",""junit:junit:4.12:test"",""org.apache.logging.log4j:log4j-api:2.9.1:provided"",""org.apache.logging.log4j:log4j-core:2.9.1:provided""]",2,1,0,58,0,14.500000,0.000000,4
12,com.google.guava:guava,com.google.guava:guava:33.3.0-jre,33.3.0-jre,1723849699000,300,6,6,0,"[""com.google.errorprone:error_prone_annotations:2.28.0:compile"",""com.google.j2objc:j2objc-annotations:3.0.0:compile"",""com.google.guava:listenablefuture:9999.0-empty-to-avoid-conflict-with-guava:compile"",""org.checkerframework:checker-qual:3.43.0:compile"",""com.google.code.findbugs:jsr305:3.0.2:compile"",""com.google.guava:failureaccess:1.0.2:compile""]",5,1,0,6041,204,9.634769,0.325359,627
11,org.exist-db:exist-xqdoc,org.exist-db:exist-xqdoc:6.2.0,6.2.0,1675550685000,0,9,8,0,"[""junit:junit:4.13.2:test"",""org.xqdoc:xqdoc-conversion:1.6:compile"",""commons-io:commons-io:2.11.0:compile"",""xml-apis:xml-apis:1.4.01:compile"",""net.sf.xmldb-org:xmldb-api:1.7.0:compile"",""org.apache.ant:ant:1.10.13:compile"",""org.exist-db:exist-ant:6.2.0:compile"",""org.apache.logging.log4j:log4j-api:2.19.0:compile"",""org.exist-db:exist-core:6.2.0:compile""]",7,1,0,66,0,16.500000,0.000000,4
31,co.boorse:selenium-table,co.boorse:selenium-table:1.1,1.1,1568699767000,0,3,1,0,"[""org.mockito:mockito-core:2.28.2:test"",""junit:junit:4.11:test"",""org.seleniumhq.selenium:selenium-java:3.141.59:compile""]",0,1,0,29,2,3.222222,0.222222,9
10,com.github.dannil:scb-java-client,com.github.dannil:scb-java-client:3.0.0,3.0.0,1584732292000,0,9,3,0,"[""org.junit.jupiter:junit-jupiter-api:5.6.0:test"",""com.fasterxml.jackson.core:jackson-core:2.10.3:compile"",""com.fasterxml.jackson.core:jackson-databind:2.10.3:compile"",""org.mockito:mockito-core:3.3.3:test"",""org.apache.logging.log4j:log4j-slf4j18-impl:2.13.1:test"",""info.debatty:java-string-similarity:1.2.1:test"",""org.junit.platform:junit-platform-launcher:1.6.0:test"",""org.junit.jupiter:junit-jupiter-engine:5.6.0:test"",""org.slf4j:slf4j-api:1.8.0-beta4:compile""]",2,1,0,1631,0,4.203608,0.000000,388
9,com.github.nalukit:nalu-processor,com.github.nalukit:nalu-processor:2.20.0,2.20.0,1707078638000,0,11,2,0,"[""org.junit.vintage:junit-vintage-engine:5.10.1:test"",""com.google.elemental2:elemental2-dom:1.2.1:test"",""org.junit.platform:junit-platform-runner:1.10.1:test"",""org.junit.jupiter:junit-jupiter-api:5.10.1:test"",""org.gwtproject:gwt-user:2.11.0:test"",""org.junit.jupiter:junit-jupiter-params:5.10.1:test"",""com.google.truth:truth:1.1.3:test"",""org.junit.jupiter:junit-jupiter-engine:5.10.1:test"",""com.google.auto.service:auto-service:1.1.1:compile"",""com.google.testing.compile:compile-testing:0.21.0:test"",""com.github.nalukit:nalu:2.20.0:compile""]",1,1,0,989,0,11.773810,0.000000,84
8,com.github.hxbkx:ExcelUtils,com.github.hxbkx:ExcelUtils:1.4.2,1.4.2,1523413856000,0,9,8,1,"[""org.beanshell:bsh:1.3.0:compile"",""org.apache.poi:poi-ooxml:3.14:compile"",""commons-digester:commons-digester:2.1:compile"",""commons-logging:commons-logging:1.2:compile"",""opensymphony:webwork:2.1.7:compile"",""opensymphony:xwork:1.0.3:compile"",""javax.servlet:servlet-api:2.4:provided"",""commons-beanutils:commons-beanutils:1.9.3:compile"",""org.apache.poi:poi:3.14:compile""]",8,1,0,156,0,6.782609,0.000000,23
34,nl.basjes.parse.useragent:yauaa-pig,nl.basjes.parse.useragent:yauaa-pig:6.12,6.12,1648386271000,0,13,1,2,"[""org.hamcrest:hamcrest-core:2.2:test"",""org.antlr:antlr4-runtime:4.9.3:test"",""org.apache.hadoop:hadoop-client:3.3.2:provided"",""org.apache.logging.log4j:log4j-core:2.17.2:test"",""org.springframework:spring-core:5.3.17:test"",""com.google.guava:guava:31.1-jre:test"",""org.junit.jupiter:junit-jupiter-engine:5.8.2:test"",""org.yaml:snakeyaml:1.30:test"",""org.junit.jupiter:junit-jupiter-params:5.8.2:test"",""org.apache.logging.log4j:log4j-slf4j-impl:2.17.2:test"",""org.python:jython-standalone:2.7.2:test"",""org.apache.pig:pig:0.17.0:provided"",""nl.basjes.parse.useragent:yauaa:6.12:compile""]",2,1,0,12,0,12.000000,0.000000,1
19,de.viaboxx:nlstools,de.viaboxx:nlstools:2.6.9,2.6.9,1520859062000,0,9,7,1,"[""org.apache.poi:poi:3.17:compile"",""junit:junit:4.12:test"",""org.apache.commons:commons-lang3:3.7:compile"",""org.apache.commons:commons-text:1.2:compile"",""org.codehaus.jettison:jettison:1.3.8:compile"",""org.apache.ant:ant:1.10.2:provided"",""commons-io:commons-io:2.6:compile"",""com.thoughtworks.xstream:xstream:1.4.10:compile"",""org.codehaus.groovy:groovy:2.4.14:compile""]",7,1,0,409,0,10.763158,0.000000,38
45,com.bstek.ureport:ureport2-console,com.bstek.ureport:ureport2-console:2.2.9,2.2.9,1533007544000,19,5,4,1,"[""com.bstek.ureport:ureport2-font:2.0.1:compile"",""javax.servlet:servlet-api:2.5:provided"",""org.apache.velocity:velocity:1.7:compile"",""com.bstek.ureport:ureport2-core:2.2.9:compile"",""commons-fileupload:commons-fileupload:1.3.2:compile""]",4,1,0,390,0,12.580645,0.000000,31
7,com.github.ladutsko:isbn-core,com.github.ladutsko:isbn-core:1.5.2,1.5.2,1720254852000,0,6,2,0,"[""ch.qos.logback:logback-classic:1.2.13:test"",""javax.xml.bind:jaxb-api:2.3.1:compile"",""junit:junit:4.13.2:test"",""org.junit.vintage:junit-vintage-engine:5.10.2:test"",""com.sun.xml.bind:jaxb-impl:2.3.8:test"",""org.slf4j:slf4j-api:1.7.36:compile""]",2,0,0,32,0,6.400000,0.000000,5
78,com.moilioncircle:redis-replicator,com.moilioncircle:redis-replicator:3.8.1,3.8.1,1702262819000,0,5,1,0,"[""org.apache.logging.log4j:log4j-slf4j2-impl:2.20.0:test"",""redis.clients:jedis:4.4.2:test"",""junit:junit:4.13.2:test"",""org.apache.logging.log4j:log4j-core:2.20.0:test"",""org.slf4j:slf4j-api:2.0.7:compile""]",1,0,0,1664,4,4.609418,0.011080,361
18,com.tencentcloudapi:tencentcloud-sdk-java-cdwch,com.tencentcloudapi:tencentcloud-sdk-java-cdwch:3.1.1067,3.1.1067,1721767127000,0,1,1,0,"[""com.tencentcloudapi:tencentcloud-sdk-java-common:3.1.1067:compile""]",1,0,0,130148,34846,3.938985,1.054629,33041
15,com.getconvey.oss:dropwizard-api-key-bundle,com.getconvey.oss:dropwizard-api-key-bundle:1.0.0-1.CONVEY.1,1.0.0-1.CONVEY.1,1572277000000,0,8,2,0,"[""org.glassfish.jersey.test-framework.providers:jersey-test-framework-provider-grizzly2:2.23.1:test"",""io.dropwizard:dropwizard-testing:1.0.0:test"",""javax.xml.bind:jaxb-api:[2.3.1]:test"",""javax.activation:javax.activation-api:[1.2.0]:test"",""org.mockito:mockito-core:1.10.19:test"",""junit:junit:4.12:test"",""io.dropwizard:dropwizard-auth:1.0.0:compile"",""io.dropwizard:dropwizard-core:1.0.0:compile""]",2,0,0,68,0,6.181818,0.000000,11
81,org.hibernate.search:hibernate-search-util-common,org.hibernate.search:hibernate-search-util-common:7.2.0.Final,7.2.0.Final,1723207353000,5,3,2,1,"[""org.jboss.logging:jboss-logging-annotations:3.0.1.Final:provided"",""io.smallrye:jandex:3.2.0:compile"",""org.jboss.logging:jboss-logging:3.6.0.Final:compile""]",3,0,0,336,3,4.421053,0.039474,76
13,com.io7m.waxmill:com.io7m.waxmill.parser.api,com.io7m.waxmill:com.io7m.waxmill.parser.api:0.0.12,0.0.12,1596281160000,0,8,4,4,"[""org.immutables:value:2.8.3:provided"",""org.osgi:org.osgi.annotation.versioning:1.1.0:provided"",""com.io7m.waxmill:com.io7m.waxmill.exceptions:0.0.12:compile"",""com.io7m.jlexing:com.io7m.jlexing.core:2.0.0:compile"",""com.io7m.immutables.style:com.io7m.immutables.style:0.0.1:provided"",""com.io7m.waxmill:com.io7m.waxmill.client.api:0.0.12:compile"",""org.osgi:org.osgi.annotation.bundle:1.0.0:provided"",""com.io7m.waxmill:com.io7m.waxmill.machines:0.0.12:compile""]",8,0,0,50,0,4.166667,0.000000,12
83,com.aliyun:alibabacloud-agency20221216,com.aliyun:alibabacloud-agency20221216:1.0.10,1.0.10,1713423901000,0,3,1,0,"[""junit:junit:4.13.1:test"",""com.aliyun:aliyun-gateway-pop:0.2.7-beta:compile"",""com.github.tomakehurst:wiremock-standalone:2.24.1:test""]",1,0,0,242,112,2.880952,1.333333,84
93,de.weltraumschaf:freemarkerdown,de.weltraumschaf:freemarkerdown:1.0.0,1.0.0,1460325812000,0,11,5,0,"[""de.weltraumschaf.commons:validate:2.2.0:compile"",""junit:junit:4.12:test"",""com.googlecode.multithreadedtc:multithreadedtc:1.01:test"",""org.hamcrest:hamcrest-library:1.3:test"",""org.mockito:mockito-core:1.10.8:test"",""nl.jqno.equalsverifier:equalsverifier:2.0.2:test"",""org.skyscreamer:jsonassert:1.3.0:test"",""com.github.stephenc.jcip:jcip-annotations:1.0-1:compile"",""de.weltraumschaf.commons:guava:2.2.0:compile"",""org.freemarker:freemarker:2.3.21:compile"",""org.pegdown:pegdown:1.4.2:compile""]",5,0,0,108,1,4.153846,0.038462,26
98,com.aliyun:alibabacloud-aligenieip_1_0,com.aliyun:alibabacloud-aligenieip_1_0:1.0.1,1.0.1,1709196418000,0,3,1,0,"[""com.aliyun:aliyun-gateway-pop:0.2.7-beta:compile"",""com.github.tomakehurst:wiremock-standalone:2.24.1:test"",""junit:junit:4.13.1:test""]",1,0,0,1382,355,4.749141,1.219931,291
87,io.spring.initializr:initializr-generator-test,io.spring.initializr:initializr-generator-test:0.21.0,0.21.0,1718005954000,1,4,4,0,"[""org.assertj:assertj-core:3.25.3:compile"",""org.springframework.boot:spring-boot-test:3.3.0:compile"",""io.spring.initializr:initializr-metadata:0.21.0:compile"",""io.spring.initializr:initializr-generator:0.21.0:compile""]",4,0,0,144,0,5.538462,0.000000,26
3,org.codelibs:elasticsearch-analysis-kuromoji-unidic,org.codelibs:elasticsearch-analysis-kuromoji-unidic:6.6.0,6.6.0,1550711556000,0,5,2,1,"[""org.codelibs:lucene-analyzers-kuromoji-unidic:7.6.0-2_1_2:compile"",""org.codelibs:analyzers:7.6.0.0:compile"",""junit:junit:4.12:test"",""org.codelibs:elasticsearch-cluster-runner:6.6.0.0:test"",""org.elasticsearch:elasticsearch:6.6.0:provided""]",3,0,0,96,0,9.600000,0.000000,10
96,org.apache.sling:feature-launcher-maven-plugin,org.apache.sling:feature-launcher-maven-plugin:0.1.6,0.1.6,1688727219000,0,9,4,4,"[""org.apache.maven:maven-artifact:3.3.9:provided"",""junit:junit:4.13.2:test"",""org.codehaus.plexus:plexus-interactivity-api:1.1:compile"",""org.apache.maven.shared:maven-shared-utils:3.3.4:compile"",""javax.inject:javax.inject:1:compile"",""org.apache.maven.plugin-tools:maven-plugin-annotations:3.6.4:provided"",""org.codehaus.plexus:plexus-archiver:4.2.7:compile"",""org.apache.maven:maven-core:3.3.9:provided"",""org.apache.maven:maven-plugin-api:3.3.9:provided""]",8,0,0,65,0,13.000000,0.000000,5
21,cool.scx:scx-core,cool.scx:scx-core:3.0.2,3.0.2,1724498068000,1,8,5,0,"[""cool.scx:scx-config:3.0.2:compile"",""org.testng:testng:7.10.2:test"",""cool.scx:scx-data-jdbc:3.0.2:compile"",""cool.scx:scx-jdbc-sqlite:3.0.2:test"",""cool.scx:scx-jdbc-mysql:3.0.2:test"",""cool.scx:scx-logging:3.0.2:compile"",""com.zaxxer:HikariCP:5.1.0:compile"",""cool.scx:scx-web:3.0.2:compile""]",5,0,0,200,6,12.500000,0.375000,16
4,uk.uuid.slf4j:slf4j-android,uk.uuid.slf4j:slf4j-android:2.0.16-0,2.0.16-0,1723635390000,0,8,1,1,"[""com.google.code.findbugs:annotations:3.0.1u2:test"",""org.hamcrest:hamcrest-core:3.0:test"",""com.google.android:android:2.1.2:provided"",""org.powermock:powermock-module-junit4:2.0.9:test"",""org.powermock:powermock-api-mockito2:2.0.9:test"",""com.btmatthews.hamcrest:hamcrest-matchers:1.0.1:test"",""junit:junit:4.13.2:test"",""org.slf4j:slf4j-api:2.0.16:compile""]",2,0,0,27,1,2.700000,0.100000,10
5,io.github.jiashunx:games-flappybird,io.github.jiashunx:games-flappybird:1.1.0,1.1.0,1609424177000,0,1,1,0,"[""org.dom4j:dom4j:2.1.1:compile""]",1,0,0,38,0,3.800000,0.000000,10
85,org.neo4j:neo4j-batch-insert,org.neo4j:neo4j-batch-insert:4.4.36,4.4.36,1721740215000,1,4,2,0,"[""org.neo4j:neo4j-record-storage-engine:4.4.36:compile"",""org.mockito:mockito-core:3.12.4:test"",""org.junit.jupiter:junit-jupiter:5.7.2:test"",""org.neo4j:neo4j-kernel:4.4.36:compile""]",2,0,0,185,0,26.428571,0.000000,7
47,com.itemis:fluffyj,com.itemis:fluffyj:1.13.4,1.13.4,1713805869000,5,10,1,0,"[""org.mockito:mockito-junit-jupiter:5.11.0:test"",""com.google.guava:guava:33.1.0-jre:compile"",""com.tngtech.archunit:archunit-junit5:1.2.1:test"",""org.awaitility:awaitility:4.2.1:test"",""org.mockito:mockito-core:5.11.0:test"",""org.hamcrest:hamcrest:2.2:test"",""org.junit.jupiter:junit-jupiter-api:5.10.2:test"",""org.assertj:assertj-core:3.25.3:test"",""org.junit.jupiter:junit-jupiter-engine:5.10.2:test"",""ch.qos.logback:logback-classic:1.5.3:test""]",1,0,0,34,0,3.400000,0.000000,10
75,com.aliyun:aliyun-java-sdk-imm,com.aliyun:aliyun-java-sdk-imm:2.1.17,2.1.17,1689843375000,0,2,2,0,"[""com.google.code.gson:gson:2.8.9:compile"",""com.aliyun:aliyun-java-sdk-core:[4.3.2,5.0.0):compile""]",2,0,0,1376,18,4.811189,0.062937,286
46,com.tradier:dropwizard-raven,com.tradier:dropwizard-raven:0.9.3,0.9.3,1493868113000,0,3,2,0,"[""com.getsentry.raven:raven-logback:7.6.0:compile"",""junit:junit:4.12:test"",""io.dropwizard:dropwizard-core:0.9.2:compile""]",3,0,0,26,0,6.500000,0.000000,4
51,int.esa.ccsds.mo:TRANSPORT_JMS,int.esa.ccsds.mo:TRANSPORT_JMS:8.2,8.2,1688648270000,0,3,3,0,"[""int.esa.ccsds.mo:TRANSPORT_GEN:8.2:compile"",""org.apache.geronimo.specs:geronimo-jms_1.1_spec:1.1.1:compile"",""int.esa.ccsds.mo:API_MAL:8.2:compile""]",3,0,0,199,0,14.214286,0.000000,14
52,io.github.penghaojie:btools,io.github.penghaojie:btools:1.2.5,1.2.5,1625038878000,0,2,1,1,"[""org.springframework:spring-web:5.3.8:provided"",""com.squareup:javapoet:1.13.0:compile""]",2,0,0,39,0,4.333333,0.000000,9
40,com.aliyun:aliyun-java-sdk-mse,com.aliyun:aliyun-java-sdk-mse:3.0.41,3.0.41,1689216448000,0,2,2,0,"[""com.google.code.gson:gson:2.8.9:compile"",""com.aliyun:aliyun-java-sdk-core:[4.3.2,5.0.0):compile""]",2,0,0,2137,10,3.609797,0.016892,592
54,pw.mihou:Velen,pw.mihou:Velen:3.1.1,3.1.1,1643276722000,0,2,2,0,"[""org.slf4j:slf4j-api:1.7.32:compile"",""org.javacord:javacord:3.4.0:compile""]",1,0,0,670,13,7.882353,0.152941,85
55,com.github.sviperll:sviperll-cli,com.github.sviperll:sviperll-cli:0.4.2,0.4.2,1377607599000,0,2,1,0,"[""com.github.sviperll:sviperll-common:1.0.3:compile"",""junit:junit:3.8.1:test""]",1,0,0,14,0,2.333333,0.000000,6
39,org.dspace:oclc-harvester2,org.dspace:oclc-harvester2:1.0.0,1.0.0,1659734309000,9,3,1,0,"[""junit:junit:4.13.1:test"",""org.slf4j:slf4j-simple:1.7.36:test"",""org.slf4j:slf4j-api:1.7.36:compile""]",1,0,0,84,6,9.333333,0.666667,9
57,info.xiancloud:xian-ftpclient,info.xiancloud:xian-ftpclient:0.3.3.3,0.3.3.3,1555508619000,0,3,2,0,"[""junit:junit:4.12:test"",""info.xiancloud:xian-core:0.3.3.3:compile"",""commons-net:commons-net:3.6:compile""]",2,0,0,16,0,5.333333,0.000000,3
38,com.github.kevinsawicki:halligan,com.github.kevinsawicki:halligan:0.5,0.5,1375374026000,0,5,3,0,"[""junit:junit:4.10:test"",""com.damnhandy:handy-uri-templates:1.1.6:compile"",""org.eclipse.jetty:jetty-server:8.0.3.v20111011:test"",""com.google.code.gson:gson:2.2.3:compile"",""com.github.kevinsawicki:http-request:5.4:compile""]",3,0,0,41,0,8.200000,0.000000,5
35,com.hp.autonomy.aci.client:aci-api,com.hp.autonomy.aci.client:aci-api:24.3.2,24.3.2,1718031382000,0,16,8,0,"[""commons-codec:commons-codec:1.16.1:compile"",""org.hamcrest:java-hamcrest:2.0.0.0:test"",""junit:junit:4.13.2:test"",""com.fasterxml.woodstox:woodstox-core:6.6.2:test"",""commons-io:commons-io:2.15.1:test"",""org.apache.httpcomponents:httpmime:4.5.14:compile"",""org.mockito:mockito-core:5.11.0:test"",""org.apache.httpcomponents.core5:httpcore5:5.2.4:compile"",""org.slf4j:slf4j-api:2.0.12:compile"",""org.slf4j:jcl-over-slf4j:2.0.12:runtime"",""ch.qos.logback:logback-classic:1.5.2:test"",""com.hp.autonomy.test.xml:xml-test-utils:1.0.0:test"",""org.apache.commons:commons-lang3:3.14.0:compile"",""org.apache.httpcomponents:httpcore:4.4.16:compile"",""org.apache.httpcomponents.client5:httpclient5:5.3.1:compile"",""org.apache.httpcomponents:httpclient:4.5.14:compile""]",8,0,0,328,1,6.978723,0.021277,47
60,com.aliyun:alibabacloud-nlb20220430,com.aliyun:alibabacloud-nlb20220430:2.0.8,2.0.8,1723828262000,0,3,1,0,"[""com.aliyun:aliyun-gateway-pop:0.2.12-beta:compile"",""com.github.tomakehurst:wiremock-standalone:2.24.1:test"",""junit:junit:4.13.1:test""]",1,0,0,471,184,3.140000,1.226667,150
32,net.sf.cssbox:cssbox,net.sf.cssbox:cssbox:5.0.1,5.0.1,1679244690000,0,4,3,0,"[""junit:junit:4.13.1:test"",""net.sf.cssbox:jstyleparser:4.0.0:compile"",""org.codelibs:nekohtml:2.0.2:compile"",""org.slf4j:slf4j-api:1.7.30:compile""]",4,0,0,759,1,8.340659,0.010989,91
64,net.razorvine:pyrolite,net.razorvine:pyrolite:5.1,5.1,1621294239000,0,2,1,0,"[""net.razorvine:serpent:1.40:compile"",""junit:junit:4.13.1:test""]",1,0,0,81,0,5.785714,0.000000,14
65,io.github.willena:connect-influxdb-sink,io.github.willena:connect-influxdb-sink:1.0.2,1.0.2,1713937688000,0,7,5,0,"[""org.influxdb:influxdb-java:2.24:compile"",""org.slf4j:slf4j-api:2.0.13:compile"",""org.junit.jupiter:junit-jupiter:5.10.2:test"",""org.apache.logging.log4j:log4j-slf4j2-impl:2.23.1:test"",""com.google.guava:guava:33.1.0-jre:compile"",""org.apache.kafka:connect-api:3.7.0:compile"",""io.github.willena:connect-retryable:1.0.2:compile""]",5,0,0,115,0,7.187500,0.000000,16
29,org.zalando.stups:workarounds-spring-boot,org.zalando.stups:workarounds-spring-boot:0.10.0,0.10.0,1466592318000,0,8,4,0,"[""org.springframework.boot:spring-boot-starter-web:1.3.5.RELEASE:test"",""junit:junit:4.12:test"",""org.assertj:assertj-core:3.0.0:test"",""org.springframework.boot:spring-boot-actuator:1.3.5.RELEASE:compile"",""org.springframework.boot:spring-boot-starter-test:1.3.5.RELEASE:test"",""org.slf4j:slf4j-api:1.7.21:compile"",""com.google.guava:guava:19.0:compile"",""org.springframework.boot:spring-boot-autoconfigure:1.3.5.RELEASE:compile""]",4,0,0,14,0,14.000000,0.000000,1
27,com.yakaz.elasticsearch.plugins:elasticsearch-action-reloadsettings,com.yakaz.elasticsearch.plugins:elasticsearch-action-reloadsettings:1.6.0,1.6.0,1423246773000,0,5,1,0,"[""log4j:log4j:1.2.17:test"",""org.slf4j:slf4j-api:1.6.2:test"",""org.testng:testng:6.8:test"",""org.hamcrest:hamcrest-core:1.3:test"",""org.elasticsearch:elasticsearch:1.4.0.Beta1:compile""]",1,0,0,188,1,8.173913,0.043478,23
68,com.github.fracpete:inetutils4j,com.github.fracpete:inetutils4j:0.0.2,0.0.2,1527996709000,0,2,1,0,"[""net.sourceforge.argparse4j:argparse4j:0.6.0:compile"",""junit:junit:3.8.2:test""]",1,0,0,29,0,4.142857,0.000000,7
69,ru.r2cloud:r2weatherClient,ru.r2cloud:r2weatherClient:1.1,1.1,1588414786000,0,3,1,0,"[""org.slf4j:slf4j-log4j12:1.7.12:test"",""junit:junit:4.12:test"",""org.slf4j:slf4j-api:1.7.12:compile""]",1,0,0,20,0,10.000000,0.000000,2
26,cn.aradin:aradin-spring-caffeine,cn.aradin:aradin-spring-caffeine:1.1.2,1.1.2,1710467147000,1,3,2,0,"[""cn.aradin:aradin-version-core:1.1.2:compile"",""com.github.ben-manes.caffeine:caffeine:3.1.8:compile"",""junit:junit:4.13.2:test""]",2,0,0,64,0,7.111111,0.000000,9
71,io.netty:netty,io.netty:netty:3.10.6.Final,3.10.6.Final,1467204327000,214,19,13,0,"[""org.apache.felix:org.osgi.compendium:1.4.0:compile"",""org.easymock:easymockclassextension:3.1:test"",""commons-logging:commons-logging:1.1.1:compile"",""org.jboss.marshalling:jboss-marshalling-river:1.3.14.GA:test"",""junit:junit:4.11:test"",""org.jboss.logging:jboss-logging:3.1.4.GA:compile"",""com.google.protobuf:protobuf-java:2.5.0:compile"",""org.eclipse.jetty.npn:npn-api:1.1.0.v20120525:compile"",""org.easymock:easymock:3.1:test"",""javax.activation:activation:1.1.1:compile"",""org.jboss.marshalling:jboss-marshalling-serial:1.3.14.GA:test"",""org.slf4j:slf4j-simple:1.6.4:test"",""io.netty:netty-tcnative:1.1.30.Fork2:compile"",""javax.servlet:servlet-api:2.5:compile"",""org.slf4j:slf4j-api:1.6.4:compile"",""log4j:log4j:1.2.16:compile"",""org.apache.felix:org.osgi.core:1.4.0:compile"",""org.bouncycastle:bcpkix-jdk15on:1.50:compile"",""org.jboss.marshalling:jboss-marshalling:1.3.14.GA:compile""]",13,0,0,4264,44,6.082739,0.062767,701
72,org.zalando:jzon,org.zalando:jzon:1.5.0,1.5.0,1569928928000,0,11,5,0,"[""org.mockito:mockito-core:2.25.1:test"",""com.fasterxml.jackson.core:jackson-databind:2.9.9:compile"",""org.springframework.boot:spring-boot-test:2.1.3.RELEASE:test"",""com.google.guava:guava:27.1-jre:compile"",""org.apache.commons:commons-collections4:4.3:compile"",""junit:junit:4.12:test"",""org.apache.commons:commons-lang3:3.8.1:compile"",""org.skyscreamer:jsonassert:1.5.0:test"",""org.assertj:assertj-core:3.12.2:test"",""ch.qos.logback:logback-classic:1.2.3:test"",""com.jayway.jsonpath:json-path:2.4.0:compile""]",5,0,0,65,1,8.125000,0.125000,8
24,org.eclipse.leshan:leshan-core-cf,org.eclipse.leshan:leshan-core-cf:2.0.0-M15,2.0.0-M15,1718788812000,2,4,4,0,"[""org.eclipse.leshan:leshan-core:2.0.0-M15:compile"",""org.eclipse.californium:scandium:3.12.0:compile"",""org.eclipse.californium:cf-oscore:3.12.0:compile"",""org.eclipse.californium:californium-core:3.12.0:compile""]",4,0,0,134,1,6.380952,0.047619,21
99,com.microsoft.azure:azure-eventhubs-eph,com.microsoft.azure:azure-eventhubs-eph:3.3.0,3.3.0,1624414868000,4,7,3,0,"[""com.microsoft.azure:msal4j:0.4.0-preview:test"",""com.google.code.gson:gson:2.8.6:compile"",""com.microsoft.azure:adal4j:1.6.5:test"",""org.slf4j:slf4j-simple:1.7.30:test"",""junit:junit:4.13.2:test"",""com.microsoft.azure:azure-storage:8.0.0:compile"",""com.microsoft.azure:azure-eventhubs:3.3.0:compile""]",3,0,0,166,1,5.533333,0.033333,30
